Fecha,Descargas,Juego
2022-01-06,153,Proyecto Aurora
2022-02-06,149,Proyecto Aurora
2022-03-06,193,Proyecto Aurora
2022-04-06,169,Proyecto Aurora
2022-05-06,205,Proyecto Aurora
2022-06-06,223,Proyecto Aurora
2022-07-06,178,Proyecto Aurora
2022-08-06,159,Proyecto Aurora
2022-09-06,139,Proyecto Aurora
2022-10-06,151,Proyecto Aurora
2022-11-06,172,Proyecto Aurora
2022-12-06,160,Proyecto Aurora
2022-06-13,131,Proyecto Aurora
2022-06-14,143,Proyecto Aurora
2022-06-15,116,Proyecto Aurora
2022-06-16,102,Proyecto Aurora
2022-06-17,139,Proyecto Aurora
2022-06-18,123,Proyecto Aurora
2022-06-19,124,Proyecto Aurora
2022-06-20,114,Proyecto Aurora
2022-06-21,115,Proyecto Aurora
2022-06-22,76,Proyecto Aurora
2022-06-23,86,Proyecto Aurora
2022-06-24,146,Proyecto Aurora
2022-06-25,170,Proyecto Aurora
2022-06-26,153,Proyecto Aurora
2022-06-27,150,Proyecto Aurora
2022-06-28,136,Proyecto Aurora
2022-06-29,142,Proyecto Aurora
2022-06-30,143,Proyecto Aurora
2022-01-07,168,Proyecto Aurora
2022-02-07,171,Proyecto Aurora
2022-03-07,147,Proyecto Aurora
2022-04-07,114,Proyecto Aurora
2022-05-07,119,Proyecto Aurora
2022-06-07,114,Proyecto Aurora
2022-07-07,77,Proyecto Aurora
2022-08-07,155,Proyecto Aurora
2022-09-07,151,Proyecto Aurora
2022-10-07,154,Proyecto Aurora
2022-11-07,155,Proyecto Aurora
2022-12-07,123,Proyecto Aurora
2022-07-13,108,Proyecto Aurora
2022-07-14,129,Proyecto Aurora
2022-07-15,112,Proyecto Aurora
2022-07-16,112,Proyecto Aurora
2022-07-17,126,Proyecto Aurora
2022-07-18,100,Proyecto Aurora
2022-07-19,98,Proyecto Aurora
2022-07-20,129,Proyecto Aurora
2022-07-21,136,Proyecto Aurora
2022-07-22,168,Proyecto Aurora
2022-07-23,165,Proyecto Aurora
2022-07-24,146,Proyecto Aurora
2022-07-25,103,Proyecto Aurora
2022-07-26,80,Proyecto Aurora
2022-07-27,84,Proyecto Aurora
2022-07-28,101,Proyecto Aurora
2022-07-29,129,Proyecto Aurora
2022-07-30,128,Proyecto Aurora
2022-07-31,154,Proyecto Aurora
2022-08-01,115,Proyecto Aurora
2022-08-02,91,Proyecto Aurora
2022-08-03,103,Proyecto Aurora
2022-08-04,101,Proyecto Aurora
2022-08-05,96,Proyecto Aurora
2022-08-06,87,Proyecto Aurora
2022-08-07,95,Proyecto Aurora
2022-08-08,87,Proyecto Aurora
2022-08-09,68,Proyecto Aurora
2022-08-10,73,Proyecto Aurora
2022-08-11,82,Proyecto Aurora
2022-08-12,74,Proyecto Aurora
2022-08-13,80,Proyecto Aurora
2022-08-14,81,Proyecto Aurora
2022-08-15,80,Proyecto Aurora
2022-08-16,66,Proyecto Aurora
2022-08-17,72,Proyecto Aurora
2022-08-18,68,Proyecto Aurora
2022-08-19,60,Proyecto Aurora
2022-08-20,48,Proyecto Aurora
2022-08-21,68,Proyecto Aurora
2022-08-22,41,Proyecto Aurora
2022-08-23,43,Proyecto Aurora
2022-08-24,50,Proyecto Aurora
2022-08-25,54,Proyecto Aurora
2022-08-26,70,Proyecto Aurora
2022-08-27,50,Proyecto Aurora
2022-08-28,83,Proyecto Aurora
2022-08-29,63,Proyecto Aurora
2022-08-30,58,Proyecto Aurora
2022-08-31,63,Proyecto Aurora
2022-01-09,54,Proyecto Aurora
2022-02-09,52,Proyecto Aurora
2022-03-09,58,Proyecto Aurora
2022-04-09,60,Proyecto Aurora
2022-05-09,65,Proyecto Aurora
2022-06-09,49,Proyecto Aurora
2022-07-09,35,Proyecto Aurora
2022-08-09,52,Proyecto Aurora
2022-09-09,52,Proyecto Aurora
2022-10-09,58,Proyecto Aurora
2022-11-09,81,Proyecto Aurora
2022-12-09,39,Proyecto Aurora
2022-09-13,59,Proyecto Aurora
2022-09-14,45,Proyecto Aurora
2022-09-15,53,Proyecto Aurora
2022-09-16,43,Proyecto Aurora
2022-09-17,56,Proyecto Aurora
2022-09-18,65,Proyecto Aurora
2022-09-19,50,Proyecto Aurora
2022-09-20,41,Proyecto Aurora
2022-09-21,40,Proyecto Aurora
2022-09-22,48,Proyecto Aurora
2022-09-23,84,Proyecto Aurora
2022-09-24,72,Proyecto Aurora
2022-09-25,65,Proyecto Aurora
2022-09-26,50,Proyecto Aurora
2022-09-27,46,Proyecto Aurora
2022-09-28,46,Proyecto Aurora
2022-09-29,53,Proyecto Aurora
2022-09-30,69,Proyecto Aurora
2022-01-10,81,Proyecto Aurora
2022-02-10,53,Proyecto Aurora
2022-03-10,56,Proyecto Aurora
2022-04-10,77,Proyecto Aurora
2022-05-10,67,Proyecto Aurora
2022-06-10,69,Proyecto Aurora
2022-07-10,57,Proyecto Aurora
2022-08-10,66,Proyecto Aurora
2022-09-10,55,Proyecto Aurora
2022-10-10,56,Proyecto Aurora
2022-11-10,46,Proyecto Aurora
2022-12-10,73,Proyecto Aurora
2022-10-13,48,Proyecto Aurora
2022-10-14,45,Proyecto Aurora
2022-10-15,49,Proyecto Aurora
2022-10-16,54,Proyecto Aurora
2022-10-17,34,Proyecto Aurora
2022-10-18,44,Proyecto Aurora
2022-10-19,48,Proyecto Aurora
2022-10-20,36,Proyecto Aurora
2022-10-21,54,Proyecto Aurora
2022-10-22,54,Proyecto Aurora
2022-10-23,52,Proyecto Aurora
2022-10-24,54,Proyecto Aurora
2022-10-25,51,Proyecto Aurora
2022-10-26,60,Proyecto Aurora
2022-10-27,55,Proyecto Aurora
2022-10-28,72,Proyecto Aurora
2022-10-29,91,Proyecto Aurora
2022-10-30,57,Proyecto Aurora
2022-10-31,50,Proyecto Aurora
2022-01-11,63,Proyecto Aurora
2022-02-11,84,Proyecto Aurora
2022-03-11,61,Proyecto Aurora
2022-04-11,55,Proyecto Aurora
2022-05-11,54,Proyecto Aurora
2022-06-11,52,Proyecto Aurora
2022-07-11,44,Proyecto Aurora
2022-08-11,50,Proyecto Aurora
2022-09-11,53,Proyecto Aurora
2022-10-11,54,Proyecto Aurora
2022-11-11,55,Proyecto Aurora
2022-12-11,45,Proyecto Aurora
2022-11-13,55,Proyecto Aurora
2022-11-14,38,Proyecto Aurora
2022-11-15,45,Proyecto Aurora
2022-11-16,47,Proyecto Aurora
2022-11-17,49,Proyecto Aurora
2022-11-18,41,Proyecto Aurora
2022-11-19,47,Proyecto Aurora
2022-11-20,44,Proyecto Aurora
2022-11-21,39,Proyecto Aurora
2022-11-22,44,Proyecto Aurora
2022-11-23,105,Proyecto Aurora
2022-11-24,86,Proyecto Aurora
2022-11-25,108,Proyecto Aurora
2022-11-26,116,Proyecto Aurora
2022-11-27,93,Proyecto Aurora
2022-11-28,82,Proyecto Aurora
2022-11-29,77,Proyecto Aurora
2022-11-30,64,Proyecto Aurora
2022-12-01,114,Proyecto Aurora
2022-12-02,96,Proyecto Aurora
2022-12-03,109,Proyecto Aurora
2022-12-04,103,Proyecto Aurora
2022-12-05,64,Proyecto Aurora
2022-12-06,52,Proyecto Aurora
2022-12-07,54,Proyecto Aurora
2022-12-08,59,Proyecto Aurora
2022-12-09,69,Proyecto Aurora
2022-12-10,80,Proyecto Aurora
2022-12-11,52,Proyecto Aurora
2022-12-12,67,Proyecto Aurora
2022-12-13,39,Proyecto Aurora
2022-12-14,43,Proyecto Aurora
2022-12-15,48,Proyecto Aurora
2022-12-16,65,Proyecto Aurora
2022-12-17,83,Proyecto Aurora
2022-12-18,79,Proyecto Aurora
2022-12-19,58,Proyecto Aurora
2022-12-20,60,Proyecto Aurora
2022-12-21,63,Proyecto Aurora
2022-12-22,64,Proyecto Aurora
2022-12-23,82,Proyecto Aurora
2022-12-24,67,Proyecto Aurora
2022-12-25,66,Proyecto Aurora
2022-12-26,105,Proyecto Aurora
2022-12-27,122,Proyecto Aurora
2022-12-28,129,Proyecto Aurora
2022-12-29,108,Proyecto Aurora
2022-12-30,72,Proyecto Aurora
2022-12-31,64,Proyecto Aurora
2023-01-01,88,Proyecto Aurora
2023-01-02,72,Proyecto Aurora
2023-01-03,57,Proyecto Aurora
2023-01-04,60,Proyecto Aurora
2023-01-05,47,Proyecto Aurora
2023-01-06,42,Proyecto Aurora
2023-01-07,40,Proyecto Aurora
2023-01-08,63,Proyecto Aurora
2023-01-09,66,Proyecto Aurora
2023-01-10,53,Proyecto Aurora
2023-01-11,46,Proyecto Aurora
2023-01-12,61,Proyecto Aurora
2023-01-13,112,Proyecto Aurora
2023-01-14,99,Proyecto Aurora
2023-01-15,78,Proyecto Aurora
2023-01-16,75,Proyecto Aurora
2023-01-17,48,Proyecto Aurora
2023-01-18,58,Proyecto Aurora
2023-01-19,41,Proyecto Aurora
2023-01-20,57,Proyecto Aurora
2023-01-21,82,Proyecto Aurora
2023-01-22,56,Proyecto Aurora
2023-01-23,66,Proyecto Aurora
2023-01-24,65,Proyecto Aurora
2023-01-25,42,Proyecto Aurora
2023-01-26,55,Proyecto Aurora
2023-01-27,57,Proyecto Aurora
2023-01-28,82,Proyecto Aurora
2023-01-29,63,Proyecto Aurora
2023-01-30,50,Proyecto Aurora
2023-01-31,38,Proyecto Aurora
2023-01-02,54,Proyecto Aurora
2023-02-02,61,Proyecto Aurora
2023-03-02,42,Proyecto Aurora
2023-04-02,69,Proyecto Aurora
2023-05-02,49,Proyecto Aurora
2023-06-02,58,Proyecto Aurora
2023-07-02,52,Proyecto Aurora
2023-08-02,53,Proyecto Aurora
2023-09-02,42,Proyecto Aurora
2023-10-02,84,Proyecto Aurora
2023-11-02,105,Proyecto Aurora
2023-12-02,68,Proyecto Aurora
2023-02-13,53,Proyecto Aurora
2023-02-14,45,Proyecto Aurora
2023-02-15,55,Proyecto Aurora
2023-02-16,62,Proyecto Aurora
2023-02-17,61,Proyecto Aurora
2023-02-18,85,Proyecto Aurora
2023-02-19,70,Proyecto Aurora
2023-02-20,94,Proyecto Aurora
2023-02-21,98,Proyecto Aurora
2023-02-22,79,Proyecto Aurora
2023-02-23,79,Proyecto Aurora
2023-02-24,75,Proyecto Aurora
2023-02-25,97,Proyecto Aurora
2023-02-26,79,Proyecto Aurora
2023-02-27,53,Proyecto Aurora
2023-02-28,63,Proyecto Aurora
2023-01-03,68,Proyecto Aurora
2023-02-03,50,Proyecto Aurora
2023-03-03,55,Proyecto Aurora
2023-04-03,35,Proyecto Aurora
2023-05-03,54,Proyecto Aurora
2023-06-03,49,Proyecto Aurora
2023-07-03,50,Proyecto Aurora
2023-08-03,40,Proyecto Aurora
2023-09-03,39,Proyecto Aurora
2023-10-03,39,Proyecto Aurora
2023-11-03,34,Proyecto Aurora
2023-12-03,48,Proyecto Aurora
2023-03-13,39,Proyecto Aurora
2023-03-14,36,Proyecto Aurora
2023-03-15,41,Proyecto Aurora
2023-03-16,63,Proyecto Aurora
2023-03-17,41,Proyecto Aurora
2023-03-18,73,Proyecto Aurora
2023-03-19,87,Proyecto Aurora
2023-03-20,65,Proyecto Aurora
2023-03-21,63,Proyecto Aurora
2023-03-22,46,Proyecto Aurora
2023-03-23,24,Proyecto Aurora
2023-03-24,45,Proyecto Aurora
2023-03-25,39,Proyecto Aurora
2023-03-26,34,Proyecto Aurora
2023-03-27,24,Proyecto Aurora
2023-03-28,29,Proyecto Aurora
2023-03-29,32,Proyecto Aurora
2023-03-30,42,Proyecto Aurora
2023-03-31,95,Proyecto Aurora
2023-04-01,80,Proyecto Aurora
2023-04-02,64,Proyecto Aurora
2023-04-03,50,Proyecto Aurora
2023-04-04,52,Proyecto Aurora
2023-04-05,69,Proyecto Aurora
2023-04-06,70,Proyecto Aurora
2023-04-07,51,Proyecto Aurora
2023-04-08,46,Proyecto Aurora
2023-04-09,54,Proyecto Aurora
2023-04-10,49,Proyecto Aurora
2023-04-11,38,Proyecto Aurora
2023-04-12,46,Proyecto Aurora
2023-04-13,51,Proyecto Aurora
2023-04-14,63,Proyecto Aurora
2023-04-15,50,Proyecto Aurora
2023-04-16,61,Proyecto Aurora
2023-04-17,58,Proyecto Aurora
2023-04-18,37,Proyecto Aurora
2023-04-19,46,Proyecto Aurora
2023-04-20,52,Proyecto Aurora
2023-04-21,72,Proyecto Aurora
2023-04-22,73,Proyecto Aurora
2023-04-23,54,Proyecto Aurora
2023-04-24,63,Proyecto Aurora
2023-04-25,42,Proyecto Aurora
2023-04-26,47,Proyecto Aurora
2023-04-27,52,Proyecto Aurora
2023-04-28,82,Proyecto Aurora
2023-04-29,121,Proyecto Aurora
2023-04-30,97,Proyecto Aurora
2023-01-05,74,Proyecto Aurora
2023-02-05,50,Proyecto Aurora
2023-03-05,60,Proyecto Aurora
2023-04-05,49,Proyecto Aurora
2023-05-05,43,Proyecto Aurora
2023-06-05,68,Proyecto Aurora
2023-07-05,72,Proyecto Aurora
2023-08-05,28,Proyecto Aurora
2023-09-05,52,Proyecto Aurora
2023-10-05,45,Proyecto Aurora
2023-11-05,35,Proyecto Aurora
2023-12-05,56,Proyecto Aurora
2023-05-13,69,Proyecto Aurora
2023-05-14,45,Proyecto Aurora
2023-05-15,74,Proyecto Aurora
2023-05-16,40,Proyecto Aurora
2023-05-17,51,Proyecto Aurora
2023-05-18,44,Proyecto Aurora
2023-05-19,44,Proyecto Aurora
2023-05-20,74,Proyecto Aurora
2023-05-21,56,Proyecto Aurora
2023-05-22,55,Proyecto Aurora
2023-05-23,57,Proyecto Aurora
2023-05-24,46,Proyecto Aurora
2023-05-25,38,Proyecto Aurora
2023-05-26,88,Proyecto Aurora
2023-05-27,92,Proyecto Aurora
2023-05-28,104,Proyecto Aurora
2023-05-29,77,Proyecto Aurora
2023-05-30,72,Proyecto Aurora
2023-05-31,57,Proyecto Aurora
2023-01-06,70,Proyecto Aurora
2023-02-06,59,Proyecto Aurora
2023-03-06,84,Proyecto Aurora
2023-04-06,98,Proyecto Aurora
2023-05-06,45,Proyecto Aurora
2023-06-06,61,Proyecto Aurora
2023-07-06,62,Proyecto Aurora
2023-08-06,56,Proyecto Aurora
2023-09-06,73,Proyecto Aurora
2023-10-06,70,Proyecto Aurora
2023-11-06,56,Proyecto Aurora
2023-12-06,63,Proyecto Aurora
2023-06-13,42,Proyecto Aurora
2023-06-14,58,Proyecto Aurora
2023-06-15,52,Proyecto Aurora
2023-06-16,64,Proyecto Aurora
2023-06-17,70,Proyecto Aurora
2023-06-18,54,Proyecto Aurora
2023-06-19,90,Proyecto Aurora
2023-06-20,66,Proyecto Aurora
2023-06-21,56,Proyecto Aurora
2023-06-22,52,Proyecto Aurora
2023-06-23,50,Proyecto Aurora
2023-06-24,63,Proyecto Aurora
2023-06-25,65,Proyecto Aurora
2023-06-26,81,Proyecto Aurora
2023-06-27,81,Proyecto Aurora
2023-06-28,93,Proyecto Aurora
2023-06-29,75,Proyecto Aurora
2023-06-30,40,Proyecto Aurora
2023-01-07,62,Proyecto Aurora
2023-02-07,105,Proyecto Aurora
2023-03-07,64,Proyecto Aurora
2023-04-07,54,Proyecto Aurora
2023-05-07,71,Proyecto Aurora
2023-06-07,53,Proyecto Aurora
2023-07-07,61,Proyecto Aurora
2023-08-07,56,Proyecto Aurora
2023-09-07,48,Proyecto Aurora
2023-10-07,48,Proyecto Aurora
2023-11-07,41,Proyecto Aurora
2023-12-07,41,Proyecto Aurora
2023-07-13,66,Proyecto Aurora
2023-07-14,37,Proyecto Aurora
2023-07-15,68,Proyecto Aurora
2023-07-16,73,Proyecto Aurora
2023-07-17,59,Proyecto Aurora
2023-07-18,60,Proyecto Aurora
2023-07-19,55,Proyecto Aurora
2023-07-20,54,Proyecto Aurora
2023-07-21,64,Proyecto Aurora
2023-07-22,53,Proyecto Aurora
2023-07-23,65,Proyecto Aurora
2023-07-24,64,Proyecto Aurora
2023-07-25,49,Proyecto Aurora
2023-07-26,34,Proyecto Aurora
2023-07-27,56,Proyecto Aurora
2023-07-28,63,Proyecto Aurora
2023-07-29,150,Proyecto Aurora
2023-07-30,118,Proyecto Aurora
2023-07-31,98,Proyecto Aurora
2023-08-01,74,Proyecto Aurora
2023-08-02,43,Proyecto Aurora
2023-08-03,65,Proyecto Aurora
2023-08-04,56,Proyecto Aurora
2023-08-05,72,Proyecto Aurora
2023-08-06,61,Proyecto Aurora
2023-08-07,50,Proyecto Aurora
2023-08-08,47,Proyecto Aurora
2023-08-09,52,Proyecto Aurora
2023-08-10,64,Proyecto Aurora
2023-08-11,50,Proyecto Aurora
2023-08-12,49,Proyecto Aurora
2023-08-13,42,Proyecto Aurora
2023-08-14,50,Proyecto Aurora
2023-08-15,46,Proyecto Aurora
2023-08-16,37,Proyecto Aurora
2023-08-17,49,Proyecto Aurora
2023-08-18,55,Proyecto Aurora
2023-08-19,63,Proyecto Aurora
2023-08-20,54,Proyecto Aurora
2023-08-21,57,Proyecto Aurora
2023-08-22,47,Proyecto Aurora
2023-08-23,33,Proyecto Aurora
2023-08-24,59,Proyecto Aurora
2023-08-25,45,Proyecto Aurora
2023-08-26,53,Proyecto Aurora
2023-08-27,46,Proyecto Aurora
2023-08-28,38,Proyecto Aurora
2023-08-29,44,Proyecto Aurora
2023-08-30,57,Proyecto Aurora
2023-08-31,50,Proyecto Aurora
2023-01-09,71,Proyecto Aurora
2023-02-09,44,Proyecto Aurora
2023-03-09,47,Proyecto Aurora
2023-04-09,52,Proyecto Aurora
2023-05-09,53,Proyecto Aurora
2023-06-09,29,Proyecto Aurora
2023-07-09,27,Proyecto Aurora
2023-08-09,54,Proyecto Aurora
2023-09-09,78,Proyecto Aurora
2023-10-09,63,Proyecto Aurora
2023-11-09,43,Proyecto Aurora
2023-12-09,46,Proyecto Aurora
2023-09-13,29,Proyecto Aurora
2023-09-14,34,Proyecto Aurora
2023-09-15,56,Proyecto Aurora
2023-09-16,117,Proyecto Aurora
2023-09-17,63,Proyecto Aurora
2023-09-18,42,Proyecto Aurora
2023-09-19,42,Proyecto Aurora
2023-09-20,50,Proyecto Aurora
2023-09-21,44,Proyecto Aurora
2023-09-22,47,Proyecto Aurora
2023-09-23,54,Proyecto Aurora
2023-09-24,47,Proyecto Aurora
2023-09-25,37,Proyecto Aurora
2023-09-26,46,Proyecto Aurora
2023-09-27,35,Proyecto Aurora
2023-09-28,54,Proyecto Aurora
2023-09-29,45,Proyecto Aurora
2023-09-30,67,Proyecto Aurora
2023-01-10,51,Proyecto Aurora
2023-02-10,29,Proyecto Aurora
2023-03-10,47,Proyecto Aurora
2023-04-10,50,Proyecto Aurora
2023-05-10,51,Proyecto Aurora
2023-06-10,32,Proyecto Aurora
2023-07-10,47,Proyecto Aurora
2023-08-10,48,Proyecto Aurora
2023-09-10,49,Proyecto Aurora
2023-10-10,22,Proyecto Aurora
2023-11-10,31,Proyecto Aurora
2023-12-10,36,Proyecto Aurora
2023-10-13,41,Proyecto Aurora
2023-10-14,49,Proyecto Aurora
2023-10-15,46,Proyecto Aurora
2023-10-16,38,Proyecto Aurora
2023-10-17,45,Proyecto Aurora
2023-10-18,30,Proyecto Aurora
2023-10-19,36,Proyecto Aurora
2023-10-20,74,Proyecto Aurora
2023-10-21,74,Proyecto Aurora
2023-10-22,57,Proyecto Aurora
2023-10-23,46,Proyecto Aurora
2023-10-24,51,Proyecto Aurora
2023-10-25,34,Proyecto Aurora
2023-10-26,54,Proyecto Aurora
2023-10-27,72,Proyecto Aurora
2023-10-28,55,Proyecto Aurora
2023-10-29,63,Proyecto Aurora
2023-10-30,55,Proyecto Aurora
2023-10-31,50,Proyecto Aurora
2023-01-11,54,Proyecto Aurora
2023-02-11,49,Proyecto Aurora
2023-03-11,33,Proyecto Aurora
2023-04-11,46,Proyecto Aurora
2023-05-11,61,Proyecto Aurora
2023-06-11,41,Proyecto Aurora
2023-07-11,41,Proyecto Aurora
2023-08-11,35,Proyecto Aurora
2023-09-11,44,Proyecto Aurora
2023-10-11,74,Proyecto Aurora
2023-11-11,90,Proyecto Aurora
2023-12-11,66,Proyecto Aurora
2023-11-13,59,Proyecto Aurora
2023-11-14,62,Proyecto Aurora
2023-11-15,44,Proyecto Aurora
2023-11-16,46,Proyecto Aurora
2023-11-17,47,Proyecto Aurora
2023-11-18,74,Proyecto Aurora
2023-11-19,60,Proyecto Aurora
2023-11-20,61,Proyecto Aurora
2023-11-21,72,Proyecto Aurora
2023-11-22,85,Proyecto Aurora
2023-11-23,78,Proyecto Aurora
2023-11-24,73,Proyecto Aurora
2023-11-25,69,Proyecto Aurora
2023-11-26,79,Proyecto Aurora
2023-11-27,56,Proyecto Aurora
2023-11-28,53,Proyecto Aurora
2023-11-29,46,Proyecto Aurora
2023-11-30,66,Proyecto Aurora
2023-12-01,57,Proyecto Aurora
2023-12-02,90,Proyecto Aurora
2023-12-03,60,Proyecto Aurora
2023-12-04,51,Proyecto Aurora
2023-12-05,38,Proyecto Aurora
2023-12-06,54,Proyecto Aurora
2023-12-07,56,Proyecto Aurora
2023-12-08,74,Proyecto Aurora
2023-12-09,60,Proyecto Aurora
2023-12-10,71,Proyecto Aurora
2023-12-11,52,Proyecto Aurora
2023-12-12,52,Proyecto Aurora
2023-12-13,73,Proyecto Aurora
2023-12-14,74,Proyecto Aurora
2023-12-15,70,Proyecto Aurora
2023-12-16,73,Proyecto Aurora
2023-12-17,80,Proyecto Aurora
2023-12-18,69,Proyecto Aurora
2023-12-19,62,Proyecto Aurora
2023-12-20,48,Proyecto Aurora
2023-12-21,59,Proyecto Aurora
2023-12-22,46,Proyecto Aurora
2023-12-23,56,Proyecto Aurora
2023-12-24,37,Proyecto Aurora
2023-12-25,36,Proyecto Aurora
2023-12-26,66,Proyecto Aurora
2023-12-27,47,Proyecto Aurora
2023-12-28,60,Proyecto Aurora
2023-12-29,43,Proyecto Aurora
2023-12-30,37,Proyecto Aurora
2023-12-31,59,Proyecto Aurora
2024-01-01,49,Proyecto Aurora
2024-01-02,51,Proyecto Aurora
2024-01-03,35,Proyecto Aurora
2024-01-04,56,Proyecto Aurora
2024-01-05,106,Proyecto Aurora
2024-01-06,108,Proyecto Aurora
2024-01-07,86,Proyecto Aurora
2024-01-08,57,Proyecto Aurora
2024-01-09,55,Proyecto Aurora
2024-01-10,41,Proyecto Aurora
2024-01-11,69,Proyecto Aurora
2024-01-12,58,Proyecto Aurora
2024-01-13,62,Proyecto Aurora
2024-01-14,66,Proyecto Aurora
2024-01-15,65,Proyecto Aurora
2024-01-16,78,Proyecto Aurora
2024-01-17,61,Proyecto Aurora
2024-01-18,64,Proyecto Aurora
2024-01-19,54,Proyecto Aurora
2024-01-20,70,Proyecto Aurora
2024-01-21,73,Proyecto Aurora
2024-01-22,37,Proyecto Aurora
2024-01-23,29,Proyecto Aurora
2024-01-24,31,Proyecto Aurora
2024-01-25,52,Proyecto Aurora
2024-01-26,72,Proyecto Aurora
2024-01-27,75,Proyecto Aurora
2024-01-28,59,Proyecto Aurora
2024-01-29,56,Proyecto Aurora
2024-01-30,47,Proyecto Aurora
2024-01-31,61,Proyecto Aurora
2024-01-02,54,Proyecto Aurora
2024-02-02,47,Proyecto Aurora
2024-03-02,55,Proyecto Aurora
2024-04-02,65,Proyecto Aurora
2024-05-02,33,Proyecto Aurora
2024-06-02,60,Proyecto Aurora
2024-07-02,34,Proyecto Aurora
2024-08-02,65,Proyecto Aurora
2024-09-02,125,Proyecto Aurora
2024-10-02,129,Proyecto Aurora
2024-11-02,110,Proyecto Aurora
2024-12-02,114,Proyecto Aurora
2024-02-13,93,Proyecto Aurora
2024-02-14,105,Proyecto Aurora
2024-02-15,95,Proyecto Aurora
2024-02-16,77,Proyecto Aurora
2024-02-17,72,Proyecto Aurora
2024-02-18,64,Proyecto Aurora
2024-02-19,83,Proyecto Aurora
2024-02-20,62,Proyecto Aurora
2024-02-21,65,Proyecto Aurora
2024-02-22,59,Proyecto Aurora
2024-02-23,79,Proyecto Aurora
2024-02-24,77,Proyecto Aurora
2024-02-25,69,Proyecto Aurora
2024-02-26,101,Proyecto Aurora
2024-02-27,97,Proyecto Aurora
2024-02-28,71,Proyecto Aurora
2024-02-29,65,Proyecto Aurora
2024-01-03,73,Proyecto Aurora
2024-02-03,68,Proyecto Aurora
2024-03-03,68,Proyecto Aurora
2024-04-03,71,Proyecto Aurora
2024-05-03,49,Proyecto Aurora
2024-06-03,58,Proyecto Aurora
2024-07-03,60,Proyecto Aurora
2024-08-03,62,Proyecto Aurora
2024-09-03,88,Proyecto Aurora
2024-10-03,79,Proyecto Aurora
2024-11-03,66,Proyecto Aurora
2024-12-03,108,Proyecto Aurora
2024-03-13,66,Proyecto Aurora
2024-03-14,79,Proyecto Aurora
2024-03-15,73,Proyecto Aurora
2024-03-16,63,Proyecto Aurora
2024-03-17,76,Proyecto Aurora
2024-03-18,58,Proyecto Aurora
2024-03-19,57,Proyecto Aurora
2024-03-20,54,Proyecto Aurora
2024-03-21,58,Proyecto Aurora
2024-03-22,72,Proyecto Aurora
2024-03-23,60,Proyecto Aurora
2024-03-24,75,Proyecto Aurora
2024-03-25,77,Proyecto Aurora
2024-03-26,62,Proyecto Aurora
2024-03-27,51,Proyecto Aurora
2024-03-28,61,Proyecto Aurora
2024-03-29,56,Proyecto Aurora
2024-03-30,77,Proyecto Aurora
2024-03-31,87,Proyecto Aurora
2024-04-01,63,Proyecto Aurora
2024-04-02,60,Proyecto Aurora
2024-04-03,79,Proyecto Aurora
2024-04-04,60,Proyecto Aurora
2024-04-05,63,Proyecto Aurora
2024-04-06,80,Proyecto Aurora
2024-04-07,64,Proyecto Aurora
2024-04-08,72,Proyecto Aurora
2024-04-09,50,Proyecto Aurora
2024-04-10,45,Proyecto Aurora
2024-04-11,44,Proyecto Aurora
2024-04-12,58,Proyecto Aurora
2024-04-13,57,Proyecto Aurora
2024-04-14,56,Proyecto Aurora
2024-04-15,70,Proyecto Aurora
2024-04-16,55,Proyecto Aurora
2024-04-17,33,Proyecto Aurora
2024-04-18,64,Proyecto Aurora
2024-04-19,48,Proyecto Aurora
2024-04-20,66,Proyecto Aurora
2024-04-21,48,Proyecto Aurora
2024-04-22,60,Proyecto Aurora
2024-04-23,57,Proyecto Aurora
2024-04-24,51,Proyecto Aurora
2024-04-25,44,Proyecto Aurora
2024-04-26,48,Proyecto Aurora
2024-04-27,47,Proyecto Aurora
2024-04-28,41,Proyecto Aurora
2024-04-29,52,Proyecto Aurora
2024-04-30,56,Proyecto Aurora
2024-01-05,31,Proyecto Aurora
2024-02-05,50,Proyecto Aurora
2024-03-05,51,Proyecto Aurora
2024-04-05,67,Proyecto Aurora
2024-05-05,65,Proyecto Aurora
2024-06-05,46,Proyecto Aurora
2024-07-05,47,Proyecto Aurora
2024-08-05,39,Proyecto Aurora
2024-09-05,45,Proyecto Aurora
2024-10-05,47,Proyecto Aurora
2024-11-05,47,Proyecto Aurora
2024-12-05,24,Proyecto Aurora
2024-05-13,33,Proyecto Aurora
2024-05-14,33,Proyecto Aurora
2024-05-15,44,Proyecto Aurora
2024-05-16,39,Proyecto Aurora
2024-05-17,49,Proyecto Aurora
2024-05-18,67,Proyecto Aurora
2024-05-19,63,Proyecto Aurora
2024-05-20,48,Proyecto Aurora
2024-05-21,43,Proyecto Aurora
2024-05-22,40,Proyecto Aurora
2024-05-23,38,Proyecto Aurora
2024-05-24,31,Proyecto Aurora
2024-05-25,44,Proyecto Aurora
2024-05-26,35,Proyecto Aurora
2024-05-27,26,Proyecto Aurora
2024-05-28,45,Proyecto Aurora
2024-05-29,34,Proyecto Aurora
2024-05-30,37,Proyecto Aurora
2024-05-31,45,Proyecto Aurora
2024-01-06,61,Proyecto Aurora
2024-02-06,64,Proyecto Aurora
2024-03-06,40,Proyecto Aurora
2024-04-06,45,Proyecto Aurora
2024-05-06,43,Proyecto Aurora
2024-06-06,24,Proyecto Aurora
2024-07-06,58,Proyecto Aurora
2024-08-06,74,Proyecto Aurora
2024-09-06,69,Proyecto Aurora
2024-10-06,52,Proyecto Aurora
2024-11-06,48,Proyecto Aurora
2024-12-06,73,Proyecto Aurora
2024-06-13,53,Proyecto Aurora
2024-06-14,57,Proyecto Aurora
2024-06-15,48,Proyecto Aurora
2024-06-16,60,Proyecto Aurora
2024-06-17,82,Proyecto Aurora
2024-06-18,48,Proyecto Aurora
2024-06-19,56,Proyecto Aurora
2024-06-20,49,Proyecto Aurora
2024-06-21,46,Proyecto Aurora
2024-06-22,43,Proyecto Aurora
2024-06-23,53,Proyecto Aurora
2024-06-24,36,Proyecto Aurora
2024-06-25,51,Proyecto Aurora
2024-06-26,43,Proyecto Aurora
2024-06-27,48,Proyecto Aurora
2024-06-28,36,Proyecto Aurora
2024-06-29,40,Proyecto Aurora
2024-06-30,59,Proyecto Aurora
2024-01-07,40,Proyecto Aurora
2024-02-07,49,Proyecto Aurora
2024-03-07,34,Proyecto Aurora
2024-04-07,46,Proyecto Aurora
2024-05-07,69,Proyecto Aurora
2024-06-07,82,Proyecto Aurora
2024-07-07,66,Proyecto Aurora
2024-08-07,41,Proyecto Aurora
2024-09-07,46,Proyecto Aurora
2024-10-07,28,Proyecto Aurora
2024-11-07,53,Proyecto Aurora
2024-12-07,40,Proyecto Aurora
2024-07-13,59,Proyecto Aurora
2024-07-14,56,Proyecto Aurora
2024-07-15,50,Proyecto Aurora
2024-07-16,47,Proyecto Aurora
2024-07-17,45,Proyecto Aurora
2024-07-18,42,Proyecto Aurora
2024-07-19,86,Proyecto Aurora
2024-07-20,63,Proyecto Aurora
2024-07-21,64,Proyecto Aurora
2024-07-22,58,Proyecto Aurora
2024-07-23,51,Proyecto Aurora
2024-07-24,45,Proyecto Aurora
2024-07-25,45,Proyecto Aurora
2024-07-26,49,Proyecto Aurora
2024-07-27,52,Proyecto Aurora
2024-07-28,42,Proyecto Aurora
2024-07-29,39,Proyecto Aurora
2024-07-30,45,Proyecto Aurora
2024-07-31,32,Proyecto Aurora
2024-08-01,32,Proyecto Aurora
2024-08-02,55,Proyecto Aurora
2024-08-03,63,Proyecto Aurora
2024-08-04,49,Proyecto Aurora
2024-08-05,49,Proyecto Aurora
2024-08-06,51,Proyecto Aurora
2024-08-07,40,Proyecto Aurora
2024-08-08,47,Proyecto Aurora
2024-08-09,42,Proyecto Aurora
2024-08-10,40,Proyecto Aurora
2024-08-11,43,Proyecto Aurora
2024-08-12,52,Proyecto Aurora
2024-08-13,42,Proyecto Aurora
2024-08-14,54,Proyecto Aurora
2024-08-15,44,Proyecto Aurora
2024-08-16,79,Proyecto Aurora
2024-08-17,71,Proyecto Aurora
2024-08-18,39,Proyecto Aurora
2024-08-19,67,Proyecto Aurora
2024-08-20,47,Proyecto Aurora
2024-08-21,46,Proyecto Aurora
2024-08-22,49,Proyecto Aurora
2024-08-23,37,Proyecto Aurora
2024-08-24,48,Proyecto Aurora
2024-08-25,48,Proyecto Aurora
2024-08-26,30,Proyecto Aurora
2024-08-27,30,Proyecto Aurora
2024-08-28,20,Proyecto Aurora
2024-08-29,41,Proyecto Aurora
2024-08-30,51,Proyecto Aurora
2024-08-31,62,Proyecto Aurora
2024-01-09,68,Proyecto Aurora
2024-02-09,52,Proyecto Aurora
2024-03-09,46,Proyecto Aurora
2024-04-09,46,Proyecto Aurora
2024-05-09,36,Proyecto Aurora
2024-06-09,39,Proyecto Aurora
2024-07-09,36,Proyecto Aurora
2024-08-09,48,Proyecto Aurora
2024-09-09,33,Proyecto Aurora
2024-10-09,28,Proyecto Aurora
2024-11-09,46,Proyecto Aurora
2024-12-09,45,Proyecto Aurora
2024-09-13,82,Proyecto Aurora
2024-09-14,90,Proyecto Aurora
2024-09-15,67,Proyecto Aurora
2024-09-16,54,Proyecto Aurora
2024-09-17,45,Proyecto Aurora
2024-09-18,59,Proyecto Aurora
2024-09-19,48,Proyecto Aurora
2024-09-20,67,Proyecto Aurora
2024-09-21,50,Proyecto Aurora
2024-09-22,47,Proyecto Aurora
2024-09-23,43,Proyecto Aurora
2024-09-24,44,Proyecto Aurora
2024-09-25,27,Proyecto Aurora
2024-09-26,46,Proyecto Aurora
2024-09-27,40,Proyecto Aurora
2024-09-28,52,Proyecto Aurora
2024-09-29,49,Proyecto Aurora
2024-09-30,71,Proyecto Aurora
2024-01-10,80,Proyecto Aurora
2024-02-10,37,Proyecto Aurora
2024-03-10,46,Proyecto Aurora
2024-04-10,58,Proyecto Aurora
2024-05-10,56,Proyecto Aurora
2024-06-10,46,Proyecto Aurora
2024-07-10,51,Proyecto Aurora
2024-08-10,38,Proyecto Aurora
2024-09-10,37,Proyecto Aurora
2024-10-10,45,Proyecto Aurora
2024-11-10,37,Proyecto Aurora
2024-12-10,82,Proyecto Aurora
2024-10-13,73,Proyecto Aurora
2024-10-14,83,Proyecto Aurora
2024-10-15,50,Proyecto Aurora
2024-10-16,45,Proyecto Aurora
2024-10-17,53,Proyecto Aurora
2024-10-18,65,Proyecto Aurora
2024-10-19,63,Proyecto Aurora
2024-10-20,55,Proyecto Aurora
2024-10-21,40,Proyecto Aurora
2024-10-22,36,Proyecto Aurora
2024-10-23,45,Proyecto Aurora
2024-10-24,40,Proyecto Aurora
2024-10-25,61,Proyecto Aurora
2024-10-26,65,Proyecto Aurora
2024-10-27,47,Proyecto Aurora
2024-10-28,53,Proyecto Aurora
2024-10-29,46,Proyecto Aurora
2024-10-30,45,Proyecto Aurora
2024-10-31,40,Proyecto Aurora
2024-01-11,53,Proyecto Aurora
2024-02-11,41,Proyecto Aurora
2024-03-11,59,Proyecto Aurora
2024-04-11,39,Proyecto Aurora
2024-05-11,44,Proyecto Aurora
2024-06-11,29,Proyecto Aurora
2024-07-11,47,Proyecto Aurora
2024-08-11,68,Proyecto Aurora
2024-09-11,85,Proyecto Aurora
2024-10-11,82,Proyecto Aurora
2024-11-11,41,Proyecto Aurora
2024-12-11,54,Proyecto Aurora
2024-11-13,48,Proyecto Aurora
2024-11-14,48,Proyecto Aurora
2024-11-15,148,Proyecto Aurora
2024-11-16,60,Proyecto Aurora
2024-11-17,65,Proyecto Aurora
2024-11-18,61,Proyecto Aurora
2024-11-19,53,Proyecto Aurora
2024-11-20,59,Proyecto Aurora
2024-11-21,66,Proyecto Aurora
2024-11-22,66,Proyecto Aurora
2024-11-23,80,Proyecto Aurora
2024-11-24,71,Proyecto Aurora
2024-11-25,75,Proyecto Aurora
2024-11-26,68,Proyecto Aurora
2024-11-27,52,Proyecto Aurora
2024-11-28,49,Proyecto Aurora
2024-11-29,48,Proyecto Aurora
2024-11-30,54,Proyecto Aurora
2024-12-01,66,Proyecto Aurora
2024-12-02,55,Proyecto Aurora
2024-12-03,55,Proyecto Aurora
2024-12-04,44,Proyecto Aurora
2024-12-05,39,Proyecto Aurora
2024-12-06,63,Proyecto Aurora
2024-12-07,72,Proyecto Aurora
2024-12-08,58,Proyecto Aurora
2024-12-09,77,Proyecto Aurora
2024-12-10,77,Proyecto Aurora
2024-12-11,66,Proyecto Aurora
2024-12-12,80,Proyecto Aurora
2024-12-13,101,Proyecto Aurora
2024-12-14,88,Proyecto Aurora
2024-12-15,76,Proyecto Aurora
2024-12-16,73,Proyecto Aurora
2024-12-17,61,Proyecto Aurora
2024-12-18,59,Proyecto Aurora
2024-12-19,27,Proyecto Aurora
2024-12-20,52,Proyecto Aurora
2024-12-21,72,Proyecto Aurora
2024-12-22,55,Proyecto Aurora
2024-12-23,67,Proyecto Aurora
2024-12-24,47,Proyecto Aurora
2024-12-25,47,Proyecto Aurora
2024-12-26,74,Proyecto Aurora
2024-12-27,52,Proyecto Aurora
2024-12-28,60,Proyecto Aurora
2024-12-29,55,Proyecto Aurora
2024-12-30,58,Proyecto Aurora
2024-12-31,72,Proyecto Aurora
2025-01-01,50,Proyecto Aurora
2025-01-02,35,Proyecto Aurora
2025-01-03,62,Proyecto Aurora
2025-01-04,67,Proyecto Aurora
2025-01-05,73,Proyecto Aurora
2025-01-06,106,Proyecto Aurora
2025-01-07,57,Proyecto Aurora
2025-01-08,46,Proyecto Aurora
2025-01-09,62,Proyecto Aurora
2025-01-10,67,Proyecto Aurora
2025-01-11,59,Proyecto Aurora
2025-01-12,55,Proyecto Aurora
2025-01-13,65,Proyecto Aurora
2025-01-14,44,Proyecto Aurora
2025-01-15,48,Proyecto Aurora
2025-01-16,24,Proyecto Aurora
2025-01-17,137,Proyecto Aurora
2025-01-18,155,Proyecto Aurora
2025-01-19,80,Proyecto Aurora
2025-01-20,141,Proyecto Aurora
2025-01-21,83,Proyecto Aurora
2025-01-22,87,Proyecto Aurora
2025-01-23,97,Proyecto Aurora
2025-01-24,65,Proyecto Aurora
2025-01-25,84,Proyecto Aurora
2025-01-26,65,Proyecto Aurora
2025-01-27,77,Proyecto Aurora
2025-01-28,61,Proyecto Aurora
2025-01-29,44,Proyecto Aurora
2025-01-30,72,Proyecto Aurora
2025-01-31,67,Proyecto Aurora
2025-01-02,74,Proyecto Aurora
2025-02-02,64,Proyecto Aurora
2025-03-02,94,Proyecto Aurora
2025-04-02,188,Proyecto Aurora
2025-05-02,99,Proyecto Aurora
2025-06-02,103,Proyecto Aurora
2025-07-02,127,Proyecto Aurora
2025-08-02,137,Proyecto Aurora
2025-09-02,129,Proyecto Aurora
2025-10-02,66,Proyecto Aurora
2025-11-02,92,Proyecto Aurora
2025-12-02,63,Proyecto Aurora
2025-02-13,81,Proyecto Aurora
2025-02-14,152,Proyecto Aurora
2025-02-15,137,Proyecto Aurora
2025-02-16,129,Proyecto Aurora
2025-02-17,88,Proyecto Aurora
2025-02-18,72,Proyecto Aurora
2025-02-19,64,Proyecto Aurora
2025-02-20,85,Proyecto Aurora
2025-02-21,68,Proyecto Aurora
2025-02-22,48,Proyecto Aurora
2025-02-23,55,Proyecto Aurora
2025-02-24,89,Proyecto Aurora
2025-02-25,62,Proyecto Aurora
2025-02-26,38,Proyecto Aurora
2025-02-27,66,Proyecto Aurora
2025-02-28,64,Proyecto Aurora
2025-01-03,62,Proyecto Aurora
2025-02-03,48,Proyecto Aurora
2025-03-03,54,Proyecto Aurora
2025-04-03,52,Proyecto Aurora
2025-05-03,47,Proyecto Aurora
2025-06-03,53,Proyecto Aurora
2025-07-03,74,Proyecto Aurora
2025-08-03,76,Proyecto Aurora
2025-09-03,61,Proyecto Aurora
2025-10-03,67,Proyecto Aurora
2025-11-03,75,Proyecto Aurora
2025-12-03,54,Proyecto Aurora
2025-03-13,58,Proyecto Aurora
2025-03-14,45,Proyecto Aurora
2025-03-15,44,Proyecto Aurora
2025-03-16,50,Proyecto Aurora
2025-03-17,58,Proyecto Aurora
2025-03-18,35,Proyecto Aurora
2025-03-19,40,Proyecto Aurora
2025-03-20,38,Proyecto Aurora
2025-03-21,34,Proyecto Aurora
2025-03-22,62,Proyecto Aurora
2025-03-23,54,Proyecto Aurora
2025-03-24,53,Proyecto Aurora
2025-03-25,42,Proyecto Aurora
2025-03-26,106,Proyecto Aurora
2025-03-27,140,Proyecto Aurora
2025-03-28,75,Proyecto Aurora
2025-03-29,106,Proyecto Aurora
2025-03-30,85,Proyecto Aurora
2025-03-31,70,Proyecto Aurora
2025-04-01,46,Proyecto Aurora
2025-04-02,71,Proyecto Aurora
2025-04-03,54,Proyecto Aurora
2025-04-04,43,Proyecto Aurora
2025-04-05,78,Proyecto Aurora
2025-04-06,54,Proyecto Aurora
2025-04-07,66,Proyecto Aurora
2025-04-08,57,Proyecto Aurora
2025-04-09,31,Proyecto Aurora
2025-04-10,54,Proyecto Aurora
2025-04-11,76,Proyecto Aurora
2025-04-12,94,Proyecto Aurora
2025-04-13,72,Proyecto Aurora
2025-04-14,43,Proyecto Aurora
2025-04-15,34,Proyecto Aurora
2025-04-16,56,Proyecto Aurora
2025-04-17,48,Proyecto Aurora
2025-04-18,43,Proyecto Aurora
2025-04-19,63,Proyecto Aurora
2025-04-20,69,Proyecto Aurora
2025-04-21,62,Proyecto Aurora
2025-04-22,42,Proyecto Aurora
2025-04-23,44,Proyecto Aurora
2025-04-24,29,Proyecto Aurora
2025-04-25,42,Proyecto Aurora
2025-04-26,34,Proyecto Aurora
2025-04-27,48,Proyecto Aurora
2025-04-28,62,Proyecto Aurora
2025-04-29,45,Proyecto Aurora
2025-04-30,40,Proyecto Aurora
2025-01-05,79,Proyecto Aurora
2025-02-05,68,Proyecto Aurora
2025-03-05,53,Proyecto Aurora
2025-04-05,68,Proyecto Aurora
2025-05-05,73,Proyecto Aurora
2025-06-05,37,Proyecto Aurora
2025-07-05,50,Proyecto Aurora
2025-08-05,54,Proyecto Aurora
2025-09-05,58,Proyecto Aurora
2025-10-05,61,Proyecto Aurora
2025-11-05,58,Proyecto Aurora
2025-12-05,50,Proyecto Aurora
2025-05-13,64,Proyecto Aurora
2025-05-14,42,Proyecto Aurora
2025-05-15,45,Proyecto Aurora
2025-05-16,39,Proyecto Aurora
2025-05-17,40,Proyecto Aurora
2025-05-18,38,Proyecto Aurora
2025-05-19,37,Proyecto Aurora
2025-05-20,39,Proyecto Aurora
2025-05-21,32,Proyecto Aurora
2025-05-22,33,Proyecto Aurora
2025-05-23,55,Proyecto Aurora
2025-05-24,84,Proyecto Aurora
2025-05-25,65,Proyecto Aurora
2025-05-26,45,Proyecto Aurora
2025-05-27,59,Proyecto Aurora
2025-05-28,29,Proyecto Aurora
2025-05-29,49,Proyecto Aurora
2025-05-30,41,Proyecto Aurora
2025-05-31,55,Proyecto Aurora
2025-01-06,55,Proyecto Aurora
2025-02-06,43,Proyecto Aurora
2025-03-06,38,Proyecto Aurora
2025-04-06,35,Proyecto Aurora
2025-05-06,39,Proyecto Aurora
2025-06-06,38,Proyecto Aurora
2025-07-06,57,Proyecto Aurora
2025-08-06,65,Proyecto Aurora
2025-09-06,979,Proyecto Aurora
2025-10-06,52,Proyecto Aurora
2025-11-06,39,Proyecto Aurora
2025-12-06,21,Proyecto Aurora
2025-06-13,34,Proyecto Aurora
2025-06-14,115,Proyecto Aurora
2025-06-15,121,Proyecto Aurora
2025-06-16,69,Proyecto Aurora
2025-06-17,54,Proyecto Aurora
2025-06-18,56,Proyecto Aurora
2025-06-19,56,Proyecto Aurora
2025-06-20,45,Proyecto Aurora
2025-06-21,61,Proyecto Aurora
2025-06-22,55,Proyecto Aurora
2025-06-23,38,Proyecto Aurora
2025-06-24,37,Proyecto Aurora
2025-06-25,40,Proyecto Aurora
2025-06-26,36,Proyecto Aurora
2025-06-27,56,Proyecto Aurora
2025-06-28,35,Proyecto Aurora
2025-06-29,48,Proyecto Aurora
2025-06-30,48,Proyecto Aurora
2025-01-07,41,Proyecto Aurora
2025-02-07,42,Proyecto Aurora
2025-03-07,42,Proyecto Aurora
2025-04-07,66,Proyecto Aurora
2025-05-07,53,Proyecto Aurora
2025-06-07,39,Proyecto Aurora
2025-07-07,49,Proyecto Aurora
2025-08-07,29,Proyecto Aurora
2025-09-07,51,Proyecto Aurora
2025-10-07,34,Proyecto Aurora
2025-11-07,35,Proyecto Aurora
2025-12-07,90,Proyecto Aurora
2025-07-13,79,Proyecto Aurora
2025-07-14,61,Proyecto Aurora
2025-07-15,36,Proyecto Aurora
2025-07-16,25,Proyecto Aurora
2025-07-17,34,Proyecto Aurora
2025-07-18,50,Proyecto Aurora
2025-07-19,53,Proyecto Aurora
2025-07-20,49,Proyecto Aurora
2025-07-21,42,Proyecto Aurora
2025-07-22,51,Proyecto Aurora
2025-07-23,62,Proyecto Aurora
2025-07-24,46,Proyecto Aurora
2025-07-25,37,Proyecto Aurora
2025-07-26,54,Proyecto Aurora
2025-07-27,54,Proyecto Aurora
2025-07-28,67,Proyecto Aurora
2025-07-29,37,Proyecto Aurora
2025-07-30,71,Proyecto Aurora
2025-07-31,67,Proyecto Aurora
2025-08-01,42,Proyecto Aurora
2025-08-02,54,Proyecto Aurora
2025-08-03,67,Proyecto Aurora
2025-08-04,65,Proyecto Aurora
2025-08-05,52,Proyecto Aurora
2025-08-06,45,Proyecto Aurora
2025-08-07,32,Proyecto Aurora
2025-08-08,48,Proyecto Aurora
2025-08-09,52,Proyecto Aurora
2025-08-10,37,Proyecto Aurora
2025-08-11,34,Proyecto Aurora
2025-08-12,38,Proyecto Aurora
2025-08-13,54,Proyecto Aurora
2025-08-14,48,Proyecto Aurora
2025-08-15,46,Proyecto Aurora
2025-08-16,44,Proyecto Aurora
2025-08-17,39,Proyecto Aurora
2025-08-18,37,Proyecto Aurora
2025-08-19,34,Proyecto Aurora
2025-08-20,43,Proyecto Aurora
2025-08-21,42,Proyecto Aurora
2025-08-22,59,Proyecto Aurora
2025-08-23,105,Proyecto Aurora
2025-08-24,64,Proyecto Aurora
2025-08-25,61,Proyecto Aurora
2025-08-26,46,Proyecto Aurora
2025-08-27,40,Proyecto Aurora
2025-08-28,23,Proyecto Aurora
2025-08-29,48,Proyecto Aurora
2025-08-30,58,Proyecto Aurora
2025-08-31,52,Proyecto Aurora
2025-01-09,44,Proyecto Aurora
2025-02-09,28,Proyecto Aurora
2025-03-09,31,Proyecto Aurora
2025-04-09,40,Proyecto Aurora
2025-05-09,33,Proyecto Aurora
2025-06-09,65,Proyecto Aurora
2025-07-09,39,Proyecto Aurora
2025-08-09,36,Proyecto Aurora
2025-09-09,22,Proyecto Aurora
2025-10-09,32,Proyecto Aurora
2025-11-09,23,Proyecto Aurora
2025-12-09,40,Proyecto Aurora
2025-09-13,60,Proyecto Aurora
2025-09-14,48,Proyecto Aurora
2025-09-15,40,Proyecto Aurora
2025-09-16,34,Proyecto Aurora
2025-09-17,29,Proyecto Aurora
2025-09-18,23,Proyecto Aurora
2025-09-19,43,Proyecto Aurora
2025-09-20,48,Proyecto Aurora
2025-09-21,38,Proyecto Aurora
2025-09-22,29,Proyecto Aurora
2025-09-23,29,Proyecto Aurora
2025-09-24,27,Proyecto Aurora
2025-09-25,24,Proyecto Aurora
2025-09-26,36,Proyecto Aurora
2025-09-27,76,Proyecto Aurora
2025-09-28,48,Proyecto Aurora
2025-09-29,32,Proyecto Aurora
2025-09-30,29,Proyecto Aurora
2025-01-10,35,Proyecto Aurora
2025-02-10,27,Proyecto Aurora
2025-03-10,37,Proyecto Aurora
2025-04-10,32,Proyecto Aurora
2025-05-10,31,Proyecto Aurora
2025-06-10,28,Proyecto Aurora
2025-07-10,23,Proyecto Aurora
2025-08-10,26,Proyecto Aurora
2025-09-10,24,Proyecto Aurora
2025-10-10,24,Proyecto Aurora
2025-11-10,43,Proyecto Aurora
2025-12-10,52,Proyecto Aurora
2025-10-13,28,Proyecto Aurora
2025-10-14,30,Proyecto Aurora
2025-10-15,24,Proyecto Aurora
2025-10-16,30,Proyecto Aurora
2025-10-17,16,Proyecto Aurora
2025-10-18,43,Proyecto Aurora
2025-10-19,55,Proyecto Aurora
2025-10-20,14,Proyecto Aurora
2025-10-21,29,Proyecto Aurora
2025-10-22,22,Proyecto Aurora
2025-10-23,29,Proyecto Aurora
2025-10-24,40,Proyecto Aurora
2025-10-25,48,Proyecto Aurora
2025-10-26,51,Proyecto Aurora
2025-10-27,36,Proyecto Aurora
2025-10-28,35,Proyecto Aurora
2025-10-29,43,Proyecto Aurora
2025-10-30,23,Proyecto Aurora
2025-10-31,39,Proyecto Aurora
2025-01-11,20,Proyecto Aurora
2025-02-11,28,Proyecto Aurora
2025-03-11,32,Proyecto Aurora
2025-04-11,37,Proyecto Aurora
2025-05-11,11,Proyecto Aurora
2025-06-11,33,Proyecto Aurora
2025-07-11,44,Proyecto Aurora
2025-08-11,41,Proyecto Aurora
2025-09-11,51,Proyecto Aurora
2025-10-11,22,Proyecto Aurora
2025-11-11,30,Proyecto Aurora
2025-12-11,23,Proyecto Aurora
2025-11-13,19,Proyecto Aurora
2025-11-14,21,Proyecto Aurora
2025-11-15,47,Proyecto Aurora
2025-11-16,44,Proyecto Aurora
2025-11-17,34,Proyecto Aurora
2025-11-18,29,Proyecto Aurora
2025-11-19,31,Proyecto Aurora
2025-11-20,27,Proyecto Aurora
2025-11-21,28,Proyecto Aurora
2025-11-22,31,Proyecto Aurora
2025-11-23,35,Proyecto Aurora
2025-11-24,34,Proyecto Aurora
2025-11-25,10,Proyecto Aurora
